year,d14c,sig_d14c
-7196.0,85.69,1.3559334628054414
-7195.0,83.77,1.4287251504595122
-7194.0,81.75666666666666,1.3404849868610986
-7193.0,81.15333333333334,1.7474052191749916
-7192.0,82.51833333333333,1.5895360958468354
-7191.0,83.39333333333333,1.548135975940098
-7190.0,83.46833333333333,1.5588858200650875
-7189.0,84.70666666666666,1.4402970372654231
-7188.0,81.52,1.2865716717954998
-7187.0,83.34333333333333,1.3834899509734229
-7186.0,80.78958333333333,1.4220583672972078
-7185.0,84.06333333333333,1.2165936051122412
-7184.0,82.84958333333333,1.4282944374322823
-7183.0,85.72,1.3470214054225964
-7182.0,82.03333333333333,1.4897063469019658
-7181.0,79.64666666666666,1.3597303654278914
-7180.0,80.76666666666667,1.2911063300733816
-7179.0,80.92333333333333,1.30804773952975
-7178.0,82.14999999999999,1.234148379337842
-7177.0,83.16666666666667,1.0429552030435227
-7176.0,98.07666666666667,1.1130788132223361
-7175.0,99.36,0.9436218640017952
-7174.0,99.05,1.100676559616352
-7173.0,96.17333333333333,0.9568815089770636
-7172.0,95.85666666666667,1.0409610943738483
-7171.0,95.32666666666667,0.9413819628609845
-7170.0,91.99666666666666,1.2314986353581105
-7169.0,91.21,1.1778747339547142
-7168.0,91.55958333333334,1.395313584826006
-7167.0,91.44333333333333,1.3456689786124967
-7166.0,89.44666666666666,1.346060094415468
-7165.0,87.21333333333332,1.3872194411043186
-7164.0,87.31333333333332,1.3623876100434853
-7163.0,88.58,1.4025532273520158
-7162.0,84.23333333333333,1.352413480494121
-7161.0,84.14,1.4000872988654833
-7160.0,86.16999999999999,1.347384297238336
-7159.0,84.33333333333333,1.4983249907072154
-7158.0,82.07333333333332,1.496852252784712
-7157.0,83.25333333333333,1.4885974009859826
-7156.0,85.72999999999999,1.5088111582007577
-7155.0,84.86,1.4986290030854497
-7154.0,85.42,1.5035993851791478
-7153.0,84.36,1.5057224179774968
-7152.0,83.26,1.5122132418706329
-7151.0,82.38208333333333,1.912968896767535
-7150.0,84.50333333333333,1.4989996664442593
-7149.0,83.66083333333333,2.88
-7148.0,82.70333333333332,1.7611927776367924
-7147.0,83.51333333333332,1.7598934626846023
