year,d14c,sig_d14c
1049,-8.994182992,1.121874665
1050,-7.506948835,1.566837584
1051,-8.561709263,1.575741014
1052,-10.59932971,1.121132824
1053,-4.73199234,1.626408003
1054,-3.704006967,1.61946841
1055,-2.901989196,1.13045135
1056,-4.906189484,1.612705901
1057,-8.005949161,1.731720998
1058,-8.550650393,1.122366184
1059,-6.004740458,1.769112864
1060,-8.991542812,1.732070073
1061,-6.933507863,1.123387926
1062,-8.612584938,1.761744254
